location_id,latitude,longitude,commercial_zone_score,industrial_zone_score,traffic_density_score,distance_to_highway_km,distance_to_powerline_km,population_density,charging_hub_suitable
1,13.074406751963663,77.46986335415801,4,8,43,2.99,1.4,10117,1
2,13.157594683186211,77.53119520036323,2,4,5,6.8,0.4,14191,0
3,13.101381688035822,77.672139466406,8,5,5,1.3,4.1,6434,0
4,13.07244159149845,77.42528304733545,6,7,19,1.88,1.99,2947,0
5,13.011827399669453,77.64289974960462,6,7,70,9.7,4.43,15236,1
6,13.122947056533329,77.59105860115056,8,5,15,6.31,3.62,5950,0
7,13.018793605631346,77.51359999070485,8,2,11,2.61,0.47,9131,0
8,13.245886500391041,77.49536531236963,4,3,51,9.01,3.87,13568,0
9,13.281831380250516,77.6058050973195,3,1,94,3.56,4.12,4303,0
10,12.991720759412889,77.54717103221482,2,1,84,1.63,0.55,10466,1
11,13.195862519041333,77.58260795650506,3,8,35,9.81,3.37,12913,0
12,13.064447459876453,77.5349909527057,6,7,4,1.25,1.14,12195,0
13,13.084022280546966,77.78819747743839,9,3,9,5.77,1.71,1873,0
14,13.26279831914633,77.45337577269825,9,9,91,7.53,0.75,16604,1
15,12.835518029098944,77.43872158127135,9,9,83,9.32,0.27,19615,1
16,12.843564649850771,77.53735669151637,3,3,69,1.19,4.29,19004,1
17,12.810109198720163,77.6364107603482,3,2,8,5.33,4.67,6515,0
18,13.21630992277397,77.66367058874002,9,3,94,1.41,3.62,17732,1
19,13.189078375474926,77.55890269886721,5,8,36,7.74,0.86,16213,1
20,13.23500607412341,77.79971119756887,2,7,80,2.12,0.05,11407,1
21,13.289309171116383,77.54075719847722,2,7,47,2.34,1.85,7394,0
22,13.199579282108363,77.68856266718399,1,3,46,9.98,2.75,5511,0
23,13.030739681126466,77.65503307781232,3,2,68,8.47,2.11,16267,0
24,13.19026458814323,77.72522154529898,2,6,59,6.54,3.35,4904,0
25,12.859137212934467,77.79049026538152,8,7,4,6.44,1.43,5863,0
26,13.119960510663763,77.75591746257821,1,4,71,6.02,1.49,5759,0
27,12.871676643704523,77.70582478974308,3,5,67,9.53,0.08,10911,0
28,13.272334458524792,77.67929939112732,4,3,25,8.6,3.23,10599,0
29,13.060924160875036,77.53419926787036,5,2,56,6.15,4.24,7154,0
30,13.007330969995262,77.45907423128268,4,7,60,1.45,4.59,12933,1
31,12.932277806052314,77.42505440122393,1,1,36,3.75,2.96,19751,0
32,13.187116844717108,77.4967606816806,1,3,4,9.62,1.0,15128,0
33,13.028075166108275,77.57291259247252,7,7,72,1.3,2.08,3258,1
34,13.084216974434325,77.608798509452,5,4,28,1.08,1.82,15907,0
35,12.809394900218178,77.70923342162195,4,8,67,0.41,0.33,13463,1
36,13.10881774853794,77.78349636922263,4,6,72,6.26,0.12,2162,1
37,13.106047861361212,77.44692819215393,2,3,11,3.22,1.59,14459,0
38,13.108466998437379,77.44280165607752,1,7,64,9.04,3.56,8909,0
39,13.271874039257312,77.63587788920542,8,7,6,9.71,3.27,2987,0
40,13.140910149551743,77.69815922957892,9,2,41,2.72,3.84,6635,0
41,12.979753950286893,77.7392601521388,7,1,87,8.68,4.38,10159,0
42,13.018515976899671,77.77433283208671,3,2,53,3.71,4.75,3806,0
43,13.148815597963633,77.79337049690426,9,4,44,2.61,4.0,13106,1
44,12.830112735814636,77.55992067688982,9,4,66,6.01,0.25,6128,1
45,13.133383357722835,77.55213407341103,7,2,7,9.14,4.84,17849,0
46,13.13531893480908,77.45912347067892,5,4,29,1.44,1.61,19385,1
47,12.905191280536922,77.67397377547343,2,5,6,2.58,4.42,18788,0
48,12.864463148827427,77.66270478337634,9,4,75,0.47,0.72,17351,1
49,12.957714175462092,77.74482503834048,6,6,8,3.09,3.3,2979,0
50,12.981855385471311,77.43890319791507,5,7,30,7.15,1.64,1720,0
51,13.08509838520894,77.59911076313014,4,9,83,1.12,3.98,5537,1
52,13.01930075673116,77.63243277186882,6,6,48,3.06,0.69,1854,1
53,13.294186919029613,77.49662281601597,8,6,61,5.57,2.56,9931,1
54,12.851022405374014,77.46761016245166,7,9,64,7.93,4.91,5963,1
55,12.904438378047418,77.74383233456784,7,5,67,9.89,3.64,9784,0
56,12.880654758942498,77.42341396889422,4,6,42,4.32,0.68,17501,1
57,13.1265541627327,77.58824836156722,4,1,30,5.27,3.31,11651,0
58,12.926645801269892,77.44633360052036,3,4,97,8.74,3.37,2327,0
59,13.033155386428154,77.58282350453256,8,2,50,4.74,4.14,17834,0
60,12.922212796000801,77.79198493053693,4,7,61,2.22,1.52,1011,1
61,12.87948479182276,77.56948254138219,6,9,53,8.91,0.78,5312,1
62,12.855187570582153,77.74284996700183,9,7,26,7.32,4.24,8704,0
63,13.128164794732637,77.44692622567328,4,4,37,3.83,1.86,13909,0
64,12.869091475674308,77.50850083070475,9,5,20,4.93,2.22,8612,0
65,12.898291180840028,77.56151709626694,6,6,97,2.1,4.8,14512,1
66,12.984362585330484,77.55992485600373,1,9,92,0.55,2.32,5609,1
67,13.210496614923969,77.66855339146807,8,3,27,3.3,0.45,17733,1
68,12.848550637896532,77.5378872509502,1,4,57,6.38,3.32,5143,0
69,13.218972453749403,77.685506747364,2,3,57,2.9,3.6,8782,0
70,12.848049203946982,77.65567475969016,7,2,29,9.85,2.36,18644,0
71,13.288229732506698,77.5596644581019,7,2,46,1.1,3.53,12250,0
72,13.034325600823852,77.57270405106173,5,9,88,6.49,2.01,1434,1
73,13.288380544095169,77.64581107992413,6,7,83,5.51,4.51,10169,1
74,13.102422759872523,77.42801687605787,8,4,6,0.13,3.86,9699,0
75,13.169631789699151,77.72896269534228,7,3,66,8.42,1.43,1750,0
76,12.819593896127161,77.66136846444546,1,3,86,4.13,2.39,19261,1
77,12.941403481288205,77.69053698576714,2,5,35,5.19,3.62,1546,0
78,12.860098280606586,77.61476920043296,7,8,2,7.28,2.69,8649,0
79,12.948070098761074,77.4441908443967,7,3,94,7.26,2.62,10970,1
80,12.859363859477122,77.56201424531878,5,5,99,7.99,4.22,1361,1
81,12.95899158969699,77.56214943313942,3,5,15,1.23,3.28,18201,0
82,13.007131497257335,77.52841719601729,3,2,31,9.66,4.71,15212,0
83,12.832073748174393,77.4119801299619,5,6,10,8.71,1.39,17595,0
84,13.14623605968501,77.69490169703859,5,4,55,8.86,0.54,9993,0
85,13.083300727103289,77.443913783225,4,8,28,6.55,0.97,14141,0
86,12.932694745469723,77.64252325321803,2,5,8,2.96,0.99,12699,0
87,13.06162402673335,77.68128699858688,1,3,77,7.07,2.79,15041,0
88,12.846970255379222,77.65391452917348,7,1,94,7.76,2.58,12133,1
89,13.087973247778091,77.78365690079119,7,3,37,2.37,2.99,7387,0
90,13.264648098788108,77.44131926203406,1,3,39,8.57,1.05,9263,0
91,12.959284476225662,77.74686686364208,9,7,93,4.96,1.23,2464,1
92,13.133705189981841,77.41167609393958,6,9,86,2.4,0.33,6758,1
93,12.865898931202198,77.61396674197084,3,2,88,9.67,0.18,3611,0
94,13.158163602059284,77.5616974471757,9,2,38,9.23,1.81,5797,0
95,12.9447030464736,77.6096735441575,5,2,21,7.19,3.74,10583,0
96,12.89159568100356,77.54603995082401,5,1,14,5.45,3.52,18561,0
97,13.093256467405043,77.47622676597604,1,2,41,3.73,3.34,6876,0
98,12.810053773093747,77.40764915897948,3,8,51,8.83,0.16,7021,0
99,13.214470014608683,77.60725992551647,6,1,55,7.76,4.75,7819,0
100,12.802347738096275,77.73711074507393,8,7,66,7.7,1.73,16582,1
101,13.138908268398115,77.54928638229792,8,6,73,5.12,2.2,6364,1
102,12.935003986596083,77.48914552720599,2,9,59,0.51,4.02,6812,1
103,13.167597011061298,77.43221280138874,4,6,74,5.63,0.5,15985,1
104,13.28109427255872,77.43412436924748,3,7,50,8.49,0.93,8217,0
105,12.92437657175998,77.48855857851711,1,9,18,5.12,1.66,2489,0
106,13.088078667208919,77.44000562436862,4,2,50,7.44,4.22,14496,0
107,13.09602096563592,77.5060158793458,3,5,90,4.78,3.44,3251,1
108,13.086125952895438,77.42645978484678,3,6,88,5.64,1.82,4490,1
109,12.91154081632031,77.42624194688398,3,1,58,0.56,4.67,3027,0
110,13.276374505758493,77.74251047184912,4,6,75,3.17,3.93,8034,1
111,13.023562689308815,77.46484810428353,6,7,91,8.99,0.1,18323,1
112,13.223204336235565,77.62387296232939,2,2,14,3.16,2.28,14089,0
113,13.149739637658753,77.7093822177796,8,2,32,4.59,2.15,6630,0
114,12.948718475427567,77.58256382613563,6,4,22,5.74,1.22,7300,0
115,13.206898909851239,77.46134755114375,4,2,98,7.68,1.44,7678,1
116,12.998252870423492,77.47983845684804,4,7,2,2.56,3.43,7233,0
117,13.240551598555582,77.57319368251247,1,1,97,0.82,1.24,15299,1
118,13.09063643631793,77.61129363567142,7,8,44,8.61,3.71,14329,0
119,13.240867680927428,77.53977611681941,4,7,56,7.17,2.37,2012,0
120,13.146265795038884,77.71259184009386,7,5,71,7.74,0.44,16828,1
121,13.162627139909821,77.70040865954256,6,3,35,1.79,2.06,14319,0
122,13.050662190963353,77.77088472294925,2,4,95,4.78,3.97,19624,1
123,13.278041817361613,77.4115810196108,4,7,47,4.61,0.69,17625,1
124,13.12199509961482,77.75827651648407,4,7,91,5.08,2.54,6447,1
125,13.011927524279091,77.55702751538486,8,3,18,9.19,0.97,13204,0
126,13.103196607063962,77.751348998152,9,2,13,9.92,4.64,16959,0
127,12.809596599154668,77.67631391046261,5,8,53,0.41,2.77,18958,1
128,12.950787408337275,77.79493950282958,8,9,48,1.92,0.87,19363,1
129,13.130086768746343,77.70371298068666,9,9,40,8.42,2.82,16262,1
130,12.945038803605224,77.54581785039872,5,5,49,0.97,4.8,18598,1
131,13.109007714499421,77.60042526913391,2,3,56,9.76,4.16,10522,0
132,13.014384350472884,77.55055566207774,6,9,26,7.07,1.73,4738,0
133,12.867737032111226,77.5459647344085,1,1,65,0.21,3.73,16250,0
134,12.949141162978016,77.50436179975243,4,4,61,7.01,3.45,4825,0
135,13.084982455350634,77.59838811814939,7,1,31,3.16,3.75,13701,0
136,13.095436380624088,77.67269597802775,4,6,93,5.06,2.44,3234,1
137,13.08716262442479,77.5109361085221,1,8,88,1.48,4.6,18390,1
138,13.126600409928567,77.6097519244309,4,8,80,6.07,1.89,16270,1
139,13.126051635000845,77.44695211766823,7,5,39,2.21,4.81,3807,0
140,13.015709217716987,77.46393811474168,6,9,87,2.9,0.66,8494,1
141,13.248273297925532,77.41872254188488,2,3,49,6.99,4.67,9258,0
142,12.98378093502395,77.78829257710825,8,6,8,2.07,3.82,19737,0
143,13.017932462632814,77.40154414060412,4,2,38,2.96,4.78,4533,0
144,13.245961677507836,77.47143198722307,5,8,67,0.96,2.79,8859,1
145,13.203096994523044,77.6451467012468,8,8,78,6.04,4.69,13287,1
146,13.151944291770183,77.43254783954133,1,2,21,2.47,0.89,6919,0
147,12.850113443656152,77.75275860123872,4,6,47,8.83,0.2,10065,0
148,13.259741306872337,77.68784806313691,6,1,94,5.95,3.52,18255,1
149,13.157120649774557,77.78655598857516,7,8,33,2.3,4.32,2695,0
150,13.299423503283935,77.6030542188963,7,9,53,0.17,4.49,17281,1
151,12.874724152328998,77.5201614732634,8,5,56,1.26,0.35,10234,1
152,13.234063028684108,77.61980022911811,5,6,20,2.38,1.8,14148,0
153,12.881246467338189,77.77232748691918,8,3,57,5.57,2.25,12073,1
154,13.107779782141924,77.60830457489675,3,1,23,2.01,4.63,5537,0
155,12.86190999142472,77.50688281274493,1,9,87,6.86,1.5,13702,1
156,13.224004114661119,77.75095951566965,2,7,61,0.98,3.46,17789,1
157,13.203659479362505,77.54876749940499,7,6,35,4.06,1.14,4363,0
158,13.084550369307298,77.4005533399996,6,4,62,2.44,3.08,19402,1
159,13.003591648613,77.49907400899693,5,9,55,8.05,0.61,12446,1
160,12.83458349772757,77.52729340367083,9,1,39,1.37,3.79,10024,0
161,13.148714386572282,77.74351098729277,8,8,86,1.29,0.27,14049,1
162,13.026771341339035,77.58340126682658,9,3,93,7.84,4.99,7872,1
163,13.161027799735175,77.57783491512453,7,9,49,3.58,4.02,5270,1
164,13.233191162964316,77.53444090655995,2,8,35,7.89,3.08,9800,0
165,13.287760752501443,77.75227124921884,5,7,62,6.68,3.85,16930,1
166,13.227901671196307,77.77801071077616,9,1,66,0.97,0.06,16773,1
167,12.805857042092502,77.79675613166185,6,6,55,9.71,2.17,14366,0
168,12.979989032239182,77.55069650678439,2,3,18,9.31,2.99,17210,0
169,13.164995281212029,77.78645897825086,7,7,53,8.04,4.88,16924,1
170,12.88581483863072,77.71675182785236,3,9,35,8.4,1.86,10317,0
171,13.060518303102066,77.67027565905771,8,5,44,6.24,4.85,3114,0
172,12.827168994169627,77.49795579176805,6,1,14,9.21,2.6,14171,0
173,12.8999982624482,77.48658290437768,8,4,18,4.22,0.39,1545,0
174,12.809260897230308,77.4664191298085,7,5,32,8.94,3.1,6081,0
175,13.19684885167871,77.76910264409014,7,2,22,4.64,4.12,4542,0
176,12.91196234403019,77.51763066495327,4,9,99,7.84,4.44,19218,1
177,12.972675840348453,77.58123769817955,4,3,2,4.81,2.67,15193,0
178,13.264040646732797,77.5975831335949,5,9,70,7.0,2.25,18414,1
179,13.152207200961767,77.7112686381801,5,9,48,4.38,3.21,19013,1
180,12.815919464765654,77.7376939846212,2,8,39,3.87,0.36,16767,1
181,12.882347078248957,77.45562908045945,4,4,64,6.56,4.71,11405,0
182,13.110739200749883,77.57076174408444,6,7,32,7.84,1.24,2674,0
183,13.088614294302085,77.73714195513418,2,4,93,0.91,3.16,15217,1
184,12.918946410687255,77.72721332230233,8,8,69,2.71,3.04,15657,1
185,13.267106998962397,77.44096550338097,6,8,38,5.93,3.62,14120,0
186,13.106982977982948,77.46255333954718,5,3,8,3.01,4.27,1515,0
187,13.06781640151248,77.52167947663976,3,8,68,5.85,1.3,6736,1
188,13.094954988177285,77.43014362763334,1,9,55,9.93,1.07,9908,0
189,13.165061014758386,77.56986520113624,9,5,22,8.86,3.74,1195,0
190,12.955972497739802,77.44304708205983,8,4,22,5.82,0.97,10954,0
191,12.999110531108046,77.62728703746794,2,1,58,0.78,4.78,5193,0
192,12.904921874487561,77.49862277592446,2,3,91,8.25,1.03,7507,0
193,12.89309650294017,77.63857322613985,2,6,67,9.52,2.66,1669,0
194,13.272186194991967,77.44701025716147,8,5,93,1.37,3.3,8728,1
195,13.169775397524644,77.79035354736742,5,3,48,6.23,0.89,13028,0
196,13.045229404308785,77.77302448154293,9,8,33,1.57,1.96,7509,1
197,12.913707313986663,77.55671877542586,7,4,34,1.2,3.91,8248,0
198,12.927178240885198,77.49687143765044,2,8,59,3.73,1.54,10955,1
199,12.829014580161939,77.50015928514144,3,4,33,2.6,1.75,4462,0
200,13.017208312779061,77.59335741408096,9,2,18,7.39,1.06,11514,0
201,12.955897940997051,77.4159971207603,5,5,10,2.34,3.8,14624,0
202,13.14817174440773,77.65588204243005,8,6,45,8.48,1.24,3568,0
203,12.988875919646242,77.5633211633359,9,4,87,2.48,1.39,18230,1
204,12.889801838779817,77.55096262903555,9,3,6,6.63,2.48,9891,0
205,12.812339364195667,77.72374598859568,4,2,87,1.83,1.0,4623,1
206,12.833624815731625,77.68361418407332,3,4,10,5.86,1.19,19072,0
207,13.139696386749284,77.78173352615707,6,5,66,5.09,4.63,2545,0
208,13.026848422278023,77.54077449619828,7,5,62,5.76,4.02,16856,1
209,13.068289605554362,77.75901710585975,5,7,6,3.91,1.38,12617,0
210,13.248335646520172,77.70798687450004,6,4,69,9.31,3.51,9447,0
211,13.295169473698353,77.54296986063788,8,8,8,3.17,1.85,15769,1
212,12.908448492199238,77.64866617458131,1,5,55,9.09,2.15,5824,0
213,13.13153910155005,77.51542798306068,4,1,20,7.5,3.54,10615,0
214,12.931661188368576,77.74975996682994,6,1,52,3.73,4.04,2262,0
215,12.810325499732865,77.44497092688493,6,1,39,4.64,1.35,16527,0
216,13.179189326918072,77.48497374451762,8,1,14,8.74,0.91,17785,0
217,12.960008575411235,77.47321331683197,9,5,12,1.89,2.23,2473,0
218,12.991731947085949,77.56121040096171,1,6,88,1.63,1.3,7791,1
219,13.094158556776804,77.69809318401285,3,6,55,5.72,4.03,16016,0
220,13.215524227618095,77.61076297962087,7,3,54,9.82,0.89,14384,0
221,13.114490921795575,77.59507052941528,6,1,76,5.05,1.67,14684,1
222,13.236325327723698,77.40021838595881,2,8,41,6.19,1.01,16488,0
223,12.93677101740782,77.57016069014202,6,2,96,6.3,0.21,16223,1
224,13.199023416956283,77.42542150993447,2,1,4,6.93,2.94,14865,0
225,12.892817972152978,77.4833013008486,3,8,62,6.77,3.91,5994,0
226,13.276395828485972,77.7729575755842,4,7,3,8.77,4.1,19902,0
227,13.143744138193908,77.4861592817373,1,8,72,4.39,3.46,3428,0
228,12.90775383855678,77.7433350554537,4,1,3,9.48,3.83,5618,0
229,13.273685295244462,77.72115734862453,1,5,26,7.8,2.25,3014,0
230,13.16542790338508,77.46365849477691,2,9,47,2.81,0.62,1904,0
231,12.926970821297514,77.6422847829081,3,6,6,2.96,1.4,12895,0
232,12.906655988683742,77.446264748762,3,3,17,4.05,2.83,15905,0
233,13.059100356965333,77.69115526334781,4,6,9,9.71,4.65,15659,0
234,12.812831359027266,77.65498491094888,5,5,82,0.33,3.42,3245,1
235,12.903735037720555,77.72477542467641,6,2,93,0.89,0.96,19715,1
236,13.012342734375753,77.59175381975568,9,1,79,4.41,2.35,3266,1
237,12.987084990167114,77.76594523513334,6,3,57,6.01,4.2,15339,0
238,13.031787712182407,77.41973957871538,2,6,7,9.41,0.53,2632,0
239,12.938814353147366,77.5171554260108,7,5,78,7.96,0.44,7696,1
240,13.093392173229086,77.68602103898607,2,3,57,0.48,4.69,10998,0
241,13.231927802961616,77.5672436846992,7,8,93,1.06,4.37,4608,1
242,12.858765927981016,77.46918054170847,2,4,4,1.63,2.17,10542,0
243,13.058689553577057,77.44288429817142,6,6,60,7.99,3.63,17186,1
244,12.866034053172577,77.72693564458464,7,7,5,3.37,3.93,6635,0
245,13.158429840596298,77.58925719138625,3,5,1,8.01,1.69,6542,0
246,12.998029851403647,77.75291346876764,3,9,76,0.15,2.21,5716,1
247,13.082710655929255,77.69331565372669,3,1,39,5.65,4.31,16090,0
248,12.89163991810704,77.5638904822523,9,1,7,6.33,0.12,17385,0
249,12.87242387967169,77.54940440566227,7,3,21,5.21,1.72,10361,0
250,13.044028140324478,77.6062553386605,4,7,71,8.23,4.86,17820,1
251,12.977806368924979,77.75562398127589,5,2,17,3.82,2.32,8024,0
252,13.270215972626406,77.69491143188567,2,6,65,6.12,2.06,3072,0
253,13.182662626903483,77.40206118570761,7,6,68,1.24,0.21,11180,1
254,13.174331809925274,77.67766314054765,7,3,70,7.69,3.66,14383,1
255,13.251859869872968,77.76780296276233,9,4,62,1.35,4.71,2093,1
256,12.84171121772101,77.68418230380179,9,4,40,7.59,3.5,11900,0
257,13.076096234961204,77.470802312627,9,4,60,3.24,3.3,13099,1
258,13.092238034477885,77.59340725097098,6,9,81,0.24,4.66,16809,1
259,13.280968189273615,77.45612640716938,3,6,90,4.55,0.81,8369,1
260,12.946073763396274,77.54359811133585,3,6,95,7.18,0.57,5442,1
261,12.920414389957724,77.7748468167762,6,2,28,9.02,3.44,11049,0
262,12.85014697113275,77.76932212302349,6,9,76,7.65,0.41,11408,1
263,12.808214814795738,77.51313474087044,5,8,65,5.54,4.55,5454,1
264,13.264764658396096,77.53585241766648,2,8,34,3.63,3.44,16692,0
265,13.134958273295457,77.64008514725252,2,2,26,5.63,3.89,15406,0
266,13.192576456011569,77.78527891810415,9,1,53,8.86,4.49,4788,0
267,12.940865052876974,77.45912053362616,9,5,15,8.64,0.46,4092,0
268,13.093205083093164,77.50276665747467,4,7,49,0.2,1.72,13397,1
269,12.831977633060491,77.74942273091631,1,1,35,6.77,2.79,17288,0
270,13.042813797967312,77.59675689268335,3,4,41,1.62,4.28,9969,0
271,13.288747569872225,77.7595844368908,4,4,51,8.06,2.8,12451,0
272,13.238252622658296,77.47420715900927,7,5,63,8.47,2.89,1745,0
273,12.969079475918424,77.61306743498855,5,2,44,8.65,2.89,4647,0
274,13.28078507727075,77.53050785305975,8,1,39,2.98,3.35,8181,0
275,12.915850813235602,77.52661702395699,6,5,20,6.53,3.63,6591,0
276,13.27465941120784,77.57875078557848,6,7,43,1.06,3.45,5478,1
277,13.27068885235325,77.57323097964051,4,9,99,9.75,0.73,6631,1
278,13.199601293676196,77.54293875187119,9,3,22,4.15,4.95,10956,0
279,13.115223968433396,77.76598830812624,8,2,21,5.5,4.27,9301,0
280,13.237143983312475,77.69269767417316,2,3,91,5.09,2.39,15925,1
281,12.9465101422539,77.69101879653262,8,2,36,6.4,3.24,15567,0
282,13.22447177765646,77.51596537983679,6,1,28,0.87,1.37,18657,0
283,13.108938345958762,77.63108376972674,5,2,4,0.99,4.16,19550,0
284,12.80661842887945,77.71167177332073,1,7,90,0.87,3.03,11441,1
285,12.973616758966111,77.71823614741729,6,5,8,1.92,1.35,17615,0
286,12.874070430474083,77.53781218430173,8,5,5,4.09,4.21,7014,0
287,13.290914694909127,77.70834910262745,9,6,5,4.03,0.54,19255,1
288,13.039185153519995,77.6943575587231,2,4,54,3.18,1.31,9203,0
289,13.048695682749331,77.45660259424876,7,7,10,7.71,1.72,17190,0
290,13.119736258199362,77.74637818742659,7,1,69,8.46,0.66,15913,1
291,12.984292303064809,77.57652858807216,1,3,34,1.02,2.35,17602,0
292,12.8684501358428,77.59456417955546,3,1,50,1.37,3.84,10611,0
293,13.211058866597124,77.5793476715592,9,8,75,0.28,2.07,17176,1
294,12.894923955951379,77.62713840059101,7,8,24,1.45,3.49,7219,0
295,13.055659491273229,77.64846769894682,7,2,58,3.7,1.01,5225,0
296,12.91215851448737,77.59927182630518,4,5,97,6.14,4.14,6241,1
297,12.848922242247017,77.74671541730363,5,9,78,4.85,0.89,3969,1
298,13.231095758710842,77.65109390247811,5,1,22,9.73,3.52,11232,0
299,13.286459744511566,77.56057117972222,5,4,93,0.2,1.44,7430,1
300,13.2804173290315,77.56667670276349,2,5,24,6.81,4.09,12500,0
301,13.25327774961059,77.72433544605158,5,7,6,1.86,4.82,2111,0
302,13.18702366634932,77.5392767770986,4,2,62,4.34,3.9,5913,0
303,12.966572576014322,77.48458191831297,9,4,3,7.32,0.32,6000,0
304,12.840550694993999,77.42375327520232,3,4,1,0.67,0.24,5416,0
305,13.003620585706905,77.75041073916823,2,3,10,0.92,0.15,7050,0
306,12.916117071085472,77.76741858047613,8,5,72,7.67,4.68,10886,1
307,12.866243817378992,77.44804807286539,9,5,30,4.13,0.94,6990,0
308,12.826713590893414,77.53378949659844,4,5,22,8.86,4.28,16828,0
309,13.16279718210529,77.4701488278061,4,6,81,4.69,3.68,6910,1
310,12.805713729312517,77.44635938753035,1,9,79,6.9,3.4,3621,0
311,13.18529037425139,77.75994669720001,8,4,84,7.33,0.28,15356,1
312,12.873473322700189,77.42275090365814,8,7,38,5.07,2.87,11945,1
313,12.839761041293379,77.7921942653876,6,6,91,8.75,4.87,9621,1
314,12.844801517119304,77.43858034427896,4,4,77,6.13,3.25,17012,1
315,13.136023903676957,77.74538825967743,8,4,80,1.72,1.48,10669,1
316,12.922683604926423,77.62660244279567,9,8,84,4.67,3.85,15136,1
317,13.01026973334005,77.54716699512716,6,1,19,0.61,2.45,12280,0
318,13.07868439566196,77.53693695065006,6,8,67,9.94,0.63,18963,1
319,13.230275586914397,77.70294565729509,2,5,17,0.67,4.39,1535,0
320,13.163522131355665,77.52582931800171,8,1,76,2.83,4.03,10384,1
321,12.935163952619359,77.66292756664686,7,6,10,6.77,0.18,8589,0
322,12.865741399645565,77.60693043340643,2,4,74,2.63,0.25,2968,1
323,12.8276871602106,77.59398625806323,9,7,31,8.33,0.98,3855,0
324,12.950799317240472,77.76046486825966,2,8,23,2.92,4.32,6736,0
325,12.93105907461984,77.6218580234481,3,1,21,5.9,1.01,8162,0
326,13.02807028340024,77.73074464121947,1,4,84,8.14,4.61,8856,0
327,13.14164066777384,77.6902294136406,3,3,69,8.16,2.58,8040,0
328,13.14781272281943,77.4154228984236,5,1,80,8.95,1.47,9956,0
329,12.941759423291083,77.70924402100216,5,8,34,9.71,0.67,10964,0
330,12.989963477950061,77.48674810003642,9,1,65,7.39,2.92,14054,1
331,12.890575480868453,77.76125985874063,5,8,16,5.94,4.49,19076,0
332,13.19427275615326,77.41716967624353,8,3,78,8.06,3.12,12761,1
333,12.828424038216621,77.53322881378973,6,1,10,2.41,2.2,8203,0
334,13.148498620862494,77.43989317889391,3,3,50,3.98,3.14,4604,0
335,13.189347697970552,77.59023564683393,4,7,11,9.11,3.69,2241,0
336,13.188703780924378,77.7280089743479,1,1,35,9.9,1.23,3286,0
337,12.929711282172677,77.51927494386523,8,9,40,9.67,1.39,15241,1
338,12.986906568966281,77.46037395892442,7,4,49,3.75,4.47,14457,0
339,13.093799817598196,77.53210681427876,9,4,45,1.83,3.91,1111,0
340,12.936410951212235,77.72555205676825,2,7,2,2.93,3.65,1601,0
341,12.985426399608945,77.45615358311974,8,7,73,0.61,3.37,10775,1
342,12.89852714009282,77.49094497963101,7,7,1,0.18,2.62,7486,0
343,13.029927941878004,77.42754078579735,9,5,12,0.45,1.84,11051,0
344,12.822306150627059,77.68228401759585,5,3,27,6.75,1.99,10363,0
345,13.19989794228531,77.55809329741454,4,6,95,1.53,0.44,4357,1
346,12.838478223493317,77.52433599085732,6,5,43,4.82,4.44,1758,0
347,13.059417574415765,77.68745055613645,3,3,20,4.27,0.15,2492,0
348,12.953405049772599,77.5343910169361,1,1,86,9.18,4.23,12166,0
349,13.088771474415688,77.69110850928577,2,2,2,9.38,2.3,2708,0
350,13.279716670416713,77.72607975812572,5,6,61,8.28,0.96,2487,0
351,13.122785122228002,77.4870651373831,1,6,83,7.84,3.13,3003,0
352,12.817681217877746,77.78952747873839,6,9,93,8.39,2.59,11292,1
353,13.015201219754031,77.46494317916508,9,5,63,9.31,3.22,2344,0
354,13.055008426159127,77.5163363626627,4,1,12,5.71,1.86,10745,0
355,13.068088747351727,77.47191811633343,2,7,50,4.53,4.0,10639,0
356,13.14069625530192,77.53820226254254,6,2,64,8.38,2.17,13904,0
357,12.938798048865884,77.5920243551283,1,2,10,4.39,1.97,6394,0
358,12.86443028273316,77.60887034760084,9,4,25,2.93,3.15,17226,0
359,12.996337838273547,77.7414424169185,2,1,69,4.97,4.19,10530,0
360,13.278202861397975,77.75577916352634,7,4,27,3.68,0.48,12776,0
361,12.893565445875423,77.48804154431237,8,2,53,5.84,2.22,19772,1
362,13.251991977464119,77.6491576128743,2,4,55,5.06,2.39,4677,0
363,13.071902975038665,77.4445984229195,5,2,86,5.38,2.68,13174,1
364,13.028455710822884,77.58358794407283,9,5,79,0.51,1.66,9934,1
365,13.241020705114945,77.52893341521865,7,8,30,2.46,0.96,19653,1
366,13.029301980884293,77.52660029818145,8,7,2,3.38,1.18,19877,0
367,13.162083818305772,77.59303369668484,6,5,79,1.11,1.27,17257,1
368,12.999512660851552,77.69193105421171,8,6,1,6.03,2.1,3320,0
369,13.25202219645048,77.42767306351696,9,7,16,1.77,2.79,12458,1
370,13.145012510095615,77.75166933507496,6,1,34,1.54,1.69,11830,0
371,13.14981102712526,77.69392550985222,2,5,33,4.93,4.14,4434,0
372,12.96386020077856,77.47059975555563,5,4,70,4.43,2.41,1689,0
373,13.178389321368446,77.77566436363495,8,8,31,6.41,1.56,1024,0
374,13.11803052772357,77.60252488960936,9,1,48,9.7,1.76,13693,0
375,12.920010136689855,77.79992343124678,8,1,59,0.5,4.95,2544,0
376,12.88026941124263,77.4789037897203,8,9,74,4.97,3.32,14601,1
377,13.198195737258667,77.61396327935329,1,4,8,8.17,2.08,13357,0
378,13.279583301517611,77.51609921702398,7,7,31,3.55,4.49,2632,0
379,13.029069413630022,77.5216694229557,4,6,86,4.14,3.83,15325,1
380,13.095492082661844,77.6364261523336,8,8,31,1.21,4.33,11611,1
381,13.228861322096778,77.76868762674833,3,4,42,5.33,0.85,1262,0
382,13.02861172667693,77.72210554223167,7,3,9,0.6,4.02,10564,0
383,13.275937238416368,77.68957655940054,4,9,66,3.09,2.43,8632,1
384,13.087875581022438,77.62366951284068,6,2,86,6.71,0.39,5405,1
385,13.210383560350659,77.76891940146697,9,4,9,7.52,0.51,10245,0
386,13.25442185920637,77.59694456267636,6,9,50,2.75,2.89,17372,1
387,13.207761909384285,77.74953287133388,1,4,65,5.45,1.97,13242,0
388,12.87970723172448,77.73359265755064,7,6,92,5.28,0.4,16992,1
389,13.11444921953085,77.48553413872064,2,2,51,7.34,2.21,11362,0
390,12.999217129309839,77.70849018518636,5,3,49,3.96,3.97,18125,0
391,12.831356476011674,77.40486846277732,8,7,90,3.34,1.11,9323,1
392,13.012016125944921,77.52913181501924,6,4,30,1.28,3.63,16338,0
393,12.929342033444705,77.49182697787678,3,3,72,4.46,2.16,12338,1
394,13.224519154214256,77.60274518339493,7,6,27,3.27,1.68,14609,1
395,12.816652313273348,77.69474126467232,5,4,96,2.04,2.12,17800,1
396,13.279491360931738,77.4390705469791,8,6,15,1.71,3.2,3318,0
397,12.977684424235965,77.60596888077471,4,2,20,3.37,1.95,8998,0
398,12.978353445201272,77.77536480867775,7,2,9,7.94,2.69,8525,0
399,12.808164251341855,77.49145862039319,8,6,40,7.87,0.42,2859,0
400,12.892616162618094,77.67085645764458,1,9,30,9.79,3.34,15675,0
401,13.000629750401805,77.63715210831246,7,4,24,4.25,0.77,2522,0
402,13.264645708651358,77.40402547826244,5,3,78,8.88,0.89,3965,0
403,12.849807465110636,77.59033047834289,3,3,41,9.34,3.5,15467,0
404,13.27265076673954,77.68350815637642,4,5,2,3.69,4.96,13322,0
405,13.234744265273317,77.41759017280964,3,8,90,4.94,4.52,10050,1
406,13.027081198453777,77.75180859320949,1,9,89,3.46,2.31,2736,1
407,12.963350440884131,77.60803256665427,6,9,31,1.16,1.55,17490,1
408,12.916372064639528,77.4122644193303,9,6,42,4.08,2.25,18632,1
409,13.107232353238437,77.48976544476834,2,6,81,9.64,2.82,5619,0
410,12.816537295737753,77.78147027857092,1,4,63,8.24,1.36,8920,0
411,12.807803032223415,77.63292789322082,6,8,76,7.64,3.62,18174,1
412,13.014397861249119,77.44298902710753,3,7,72,1.1,0.17,3235,1
413,12.834037036987361,77.51501780091223,2,1,86,0.21,4.72,8505,0
414,12.925970494123048,77.5826814503442,4,9,89,1.49,3.64,8015,1
415,12.910580457673042,77.4083800277071,1,6,38,3.95,4.37,9397,0
416,12.926595596861427,77.56464620544551,7,6,44,9.22,1.73,14827,0
417,12.865527615607629,77.59578345417388,1,4,60,1.42,4.66,18325,0
418,12.806018111448829,77.4974711501125,8,9,37,5.77,4.95,17025,1
419,12.857742148569375,77.6354556001168,4,8,33,5.4,0.94,5403,0
420,13.109240129756374,77.70129604783688,9,5,74,1.69,2.89,3386,1
421,13.287128106409027,77.49433368964226,5,8,17,7.95,4.34,1919,0
422,13.295172500780447,77.648199960112,5,2,36,0.45,0.29,4917,0
423,13.004527047686532,77.65584889718549,6,4,4,0.88,3.89,14837,0
424,12.881477213023304,77.77941612045153,2,6,40,8.47,0.22,7099,0
425,13.119380878683266,77.71131046691858,7,9,38,3.53,3.29,17193,1
426,13.04515267327437,77.739338107916,9,6,4,9.84,0.52,18548,0
427,13.294704888642217,77.59616796337451,7,9,41,2.44,0.55,19419,1
428,12.83265210357589,77.47413943479175,2,8,59,9.01,1.47,12060,0
429,13.191617219156907,77.79832611718385,5,4,2,5.78,1.9,18823,0
430,12.944199248665747,77.45174230441549,5,6,4,3.99,2.56,10079,0
431,12.920709310038287,77.58858292774171,9,7,12,7.72,0.38,15303,0
432,13.131252285766339,77.42723723969685,7,6,4,8.41,1.99,17653,0
433,12.923031592495484,77.77754034294033,3,4,60,3.19,4.79,18709,0
434,13.132929558779594,77.78596997633937,4,3,13,4.82,2.42,1540,0
435,13.058654258601145,77.68775562480158,9,4,97,6.79,4.88,17285,1
436,13.012044494217925,77.53999713745208,1,2,40,7.01,4.73,1306,0
437,13.07734390433071,77.50175296044705,6,7,51,3.07,1.4,16169,1
438,12.943525759959815,77.50612132981482,9,4,1,1.02,4.08,16349,0
439,13.15328735313649,77.45091761016803,8,8,55,3.97,1.77,11791,1
440,13.007428434666783,77.61032358123069,6,8,55,3.51,3.25,17048,1
441,12.980272780242947,77.4567269102806,7,6,88,0.99,1.66,17173,1
442,13.214328457277869,77.52669226662138,6,3,72,3.99,1.02,8627,1
443,13.262483455976597,77.65068259038364,8,2,60,5.75,2.92,16404,1
444,12.82300365544365,77.6910174438363,5,8,66,9.96,4.26,3726,0
445,12.916313496414883,77.40970908184883,3,6,99,7.59,4.79,8409,1
446,12.974259684746283,77.5720463937507,7,1,14,3.37,1.35,15336,0
447,13.207483239685125,77.66084983793685,7,4,57,4.22,3.41,9726,1
448,13.292745713821649,77.7412983904634,9,8,31,1.27,4.14,15231,1
449,13.284485852335177,77.59012991288483,2,2,86,8.07,1.1,4905,0
450,13.252474172774964,77.78768234868707,1,1,82,5.7,2.58,7035,0
451,12.948278132532016,77.50625301901658,6,9,24,4.78,4.53,18341,0
452,13.296005621707238,77.4054034826507,1,2,36,4.6,4.33,13569,0
453,12.924710020528225,77.5935011458807,2,8,34,2.4,0.11,12079,1
454,12.852953077441116,77.50244551800802,5,8,7,2.81,3.14,8691,0
455,13.275476305527699,77.72948706880926,2,7,25,3.3,3.2,18593,0
456,12.91671012773405,77.49310906887244,1,1,35,0.12,4.96,12520,0
457,13.144884132538875,77.52425168731652,4,6,58,5.46,3.46,8716,0
458,12.829178179490295,77.71649097240764,4,6,74,9.9,2.72,11979,1
459,13.16535454956374,77.68605730081015,1,7,25,3.35,0.95,5360,0
460,13.24086010616692,77.6232204946629,9,6,94,4.83,1.36,17703,1
461,12.936218447732982,77.68197922476911,3,4,6,8.81,4.11,14017,0
462,12.989528448038715,77.56745474542801,6,4,49,5.39,0.39,4111,0
463,12.987148091660458,77.40212401904587,5,9,26,5.99,0.12,17110,1
464,13.174394128770068,77.40454205140489,3,4,69,3.65,3.08,11958,1
465,12.91890362126952,77.60448871502948,5,4,39,4.81,3.4,8383,0
466,12.885926549523822,77.4333163918876,3,4,1,5.24,4.14,17944,0
467,13.02464582434387,77.42043019206771,1,7,60,7.65,2.67,2027,0
468,12.952234203688661,77.786206655655,2,5,79,8.74,4.22,3058,0
469,13.219594561129327,77.74360105586322,6,3,74,6.67,4.13,7432,0
470,12.91887091300782,77.46081089088383,6,6,51,4.55,1.98,8278,1
471,13.051194728744631,77.40026568743609,9,2,29,8.46,0.5,5321,0
472,13.271291799848965,77.7766671181559,1,9,16,2.31,3.83,9756,0
473,13.116998848872331,77.51133011932805,1,9,67,3.58,4.83,11073,1
474,13.233644702731233,77.47435904114221,6,6,37,2.95,4.4,3538,0
475,13.270104844677384,77.67660324313262,8,9,8,4.33,3.18,6811,0
476,13.175382430943177,77.44356149553654,4,4,82,7.47,0.53,19780,1
477,13.149787530112377,77.50585983920112,7,1,32,1.76,2.98,10102,0
478,13.283982783302115,77.79003787208481,1,7,44,8.86,0.13,15139,0
479,13.29720039482384,77.6557851097896,3,4,42,5.64,2.98,17188,0
480,13.02591084133488,77.60827111659302,1,2,80,4.28,4.18,1013,0
481,12.835434889092104,77.55916744593398,6,8,29,1.4,3.72,11849,1
482,12.94639701572026,77.70980038195368,2,9,55,6.18,3.1,10098,0
483,12.876177352843866,77.45638299060948,8,4,53,3.24,0.65,5739,1
484,13.008743187398007,77.78693512081479,4,8,43,7.33,0.91,12423,0
485,12.865644664236628,77.74444920322631,3,7,32,9.76,4.23,10201,0
486,13.102058902010441,77.6470627930277,4,8,87,1.94,2.98,17269,1
487,12.991404029578927,77.41716247616102,3,7,58,0.46,2.63,10600,1
488,13.247692942144106,77.6803422597791,4,7,24,2.11,1.08,6870,0
489,13.283897335899251,77.76531373635419,8,8,69,5.69,2.15,10752,1
490,13.073442450834712,77.60983082699146,8,9,65,1.4,2.93,13843,1
491,12.937411784933799,77.5416899287309,2,6,18,3.77,3.16,18114,0
492,13.096115209380919,77.4481109379918,5,7,71,2.03,3.53,14769,1
493,13.248380579112206,77.70196044165503,7,4,69,7.31,3.75,13129,1
494,13.003366672917874,77.75400874048472,8,8,76,0.13,3.12,6545,1
495,13.076039138345987,77.44010069763034,1,3,97,0.5,0.82,2288,1
496,12.935826383803073,77.70359382190094,1,8,81,7.34,2.73,12940,1
497,13.027722074725014,77.40682419450364,7,9,3,9.69,0.42,14649,0
498,13.0008567676898,77.78682196723088,5,3,75,5.95,2.97,18616,1
499,12.924206732541487,77.64602320825404,5,4,40,0.83,4.9,6204,0
500,13.052933191912654,77.62097562359665,6,2,39,7.99,1.37,19724,0
501,12.955190412989907,77.51837993343557,2,9,55,0.37,1.99,19107,1
502,12.986517431940374,77.77171666862792,3,2,1,2.08,1.4,9427,0
503,13.062485221127133,77.50636225093471,7,1,10,4.79,2.82,4737,0
504,13.175297511464494,77.73125864528667,9,1,76,6.03,0.27,14541,1
505,12.966753732895638,77.79404347173485,3,6,45,4.08,4.97,3866,0
506,13.262079383310382,77.71335865820592,6,2,53,6.42,3.99,17267,0
507,13.231159273417951,77.60759596815457,6,6,82,5.27,3.11,1302,1
508,12.824345147987765,77.42642970554067,9,1,48,9.08,4.07,4233,0
509,12.926821262128412,77.58896551566843,6,4,70,9.99,1.15,5698,0
510,13.023067756329601,77.57530237878868,2,9,49,7.33,4.3,14569,0
511,12.852313944371238,77.4811184164748,5,1,39,0.96,4.92,2434,0
512,12.974237994516749,77.56943505468573,7,9,37,3.37,3.2,4528,1
513,13.170048762808841,77.54310315363213,9,5,5,5.26,2.84,1411,0
514,13.140257240571414,77.46547370446066,1,7,76,2.7,2.28,8318,1
515,13.111192214283003,77.57654965733299,6,1,40,8.75,3.23,11969,0
516,13.155264201361174,77.5051199825298,7,2,94,2.05,3.3,4288,1
517,12.902461843479852,77.60882496827291,1,8,63,2.12,2.8,11148,1
518,12.970849057432368,77.41406402388648,7,3,46,9.06,3.82,8413,0
519,13.138121241138732,77.76249256791492,1,7,76,6.73,1.8,16256,1
520,13.239617381515664,77.72654572220794,7,4,43,6.21,4.07,15878,0
521,13.071839026914049,77.6210325330042,8,5,33,7.1,3.19,10868,0
522,12.94134982547277,77.7407234331029,2,5,2,2.23,1.76,8415,0
523,12.815117629002993,77.78495802952432,2,6,48,5.91,0.94,13356,0
524,13.155168414487107,77.44420891762107,6,1,35,6.92,2.43,18580,0
525,12.803942051754222,77.65233272336393,1,1,43,2.64,2.3,14653,0
526,12.986339534910499,77.79919760037426,7,9,43,8.42,1.51,19033,1
527,13.065268607281391,77.79515566773341,5,7,75,5.59,2.98,2784,1
528,13.261055730883598,77.6413291969163,5,7,43,5.07,0.08,7266,1
529,12.84474727251645,77.45120834818033,5,5,47,8.63,1.67,17798,0
530,13.002971160984142,77.63327713239622,8,9,80,1.95,3.26,18749,1
531,12.81215659985508,77.40082585422978,3,1,91,0.29,0.18,6457,1
532,12.971305492170796,77.47956453386675,2,8,41,7.73,2.9,8499,0
533,13.111115529419898,77.78244926382398,5,6,81,2.29,1.91,5498,1
534,12.9395339741143,77.53217622904114,9,7,44,1.22,3.8,7009,1
535,12.904874974827818,77.65535604231079,5,4,93,2.61,1.1,11915,1
536,12.857851616663547,77.5123437978529,5,1,65,1.66,4.12,15829,1
537,13.088570122010172,77.77912875484463,8,5,64,2.72,1.07,13587,1
538,13.147635002952343,77.69142349197979,1,3,45,0.98,3.05,15783,0
539,13.135978570297912,77.53186046303257,8,2,3,4.86,1.03,11337,0
540,13.274430510360254,77.71670456847215,9,8,23,6.97,2.76,10161,0
541,12.801351606946753,77.44326620979054,6,2,25,9.07,2.39,11395,0
542,13.123598326947018,77.55692757602618,3,1,45,7.48,1.16,17343,0
543,13.100196118548821,77.48848725109264,7,3,84,1.18,2.94,5031,1
544,13.094369804985146,77.67349057891042,6,8,95,5.4,1.14,6097,1
545,13.281385159920122,77.44097851270878,7,9,78,0.89,2.57,6683,1
546,12.808435836685021,77.55881033291307,6,9,8,5.77,4.29,18072,0
547,13.148241215350726,77.51065989208368,4,1,84,5.33,4.33,9417,0
548,13.206839324850932,77.60253716772952,4,7,54,0.16,3.25,13525,1
549,13.054903598310792,77.53995907220155,1,6,63,7.56,2.35,15059,0
550,12.966982434798405,77.6825642310668,4,5,30,6.45,3.36,17221,0
551,13.195420081613703,77.40983080972279,5,8,85,4.59,4.06,5513,1
552,12.848621462816213,77.65359476852237,2,5,9,9.2,3.97,17047,0
553,13.021017818864964,77.49222851587753,1,1,75,4.58,2.76,11382,0
554,13.05997618728542,77.50748361150275,4,7,42,4.66,1.57,10582,0
555,13.146978205467274,77.72010224143341,4,5,35,1.71,3.31,4903,0
556,12.845442866016205,77.78222735759216,5,7,47,6.68,0.14,14995,1
557,12.913879750768931,77.52662008401084,7,5,62,1.77,4.85,1666,1
558,13.005150781345064,77.73072210814763,6,1,76,3.17,1.68,8396,1
559,13.111647336510066,77.44159633518849,8,3,73,7.02,2.12,3542,1
560,13.24348039060871,77.65359266120295,2,9,56,3.13,2.76,11625,1
561,13.109413084120689,77.70041291981397,6,8,86,6.07,3.6,1835,1
562,12.866730735467469,77.46239117121378,8,9,69,9.77,0.85,14137,1
563,13.290290066393641,77.57040095506783,7,7,48,0.53,1.91,8425,1
564,13.235892867377746,77.75708286569959,7,5,8,4.0,1.63,11526,0
565,13.051360380572662,77.44143138537936,7,5,57,9.01,0.33,8714,1
566,13.261173990898317,77.4072385432806,2,9,86,5.94,2.3,18377,1
567,13.070690396878568,77.63623415161918,9,5,87,9.42,0.49,8087,1
568,13.261653033944583,77.57421261621238,5,6,71,9.51,4.42,17304,1
569,13.214948684301673,77.71947569955356,3,4,20,8.29,2.67,19442,0
570,13.28414320514715,77.76938221528164,1,5,44,3.54,4.1,18657,0
571,13.25989140538908,77.51966145781753,3,3,71,0.36,3.0,17901,1
572,12.818016908714286,77.55536164686764,9,3,97,9.54,4.68,3346,1
573,12.88738600208047,77.59450883453172,4,8,87,2.12,0.45,9390,1
574,12.994567338550594,77.63526058417412,8,6,22,2.5,3.67,19086,1
575,13.276071348647712,77.79354153187265,3,3,12,6.69,3.43,19949,0
576,12.950014459737966,77.67893210033202,2,2,44,7.05,3.99,3718,0
577,12.8802338219438,77.55581940293823,5,5,68,9.59,2.89,6311,0
578,13.24315233304328,77.5055070745802,5,5,97,5.99,1.54,8377,1
579,13.023197207741601,77.77785028736885,5,2,30,4.46,1.6,9567,0
580,13.253937797177164,77.4542193732434,3,9,22,1.33,4.44,2622,0
581,12.880115233160073,77.6881063410019,5,3,82,8.59,1.8,15467,1
582,13.13055875575405,77.77015801011697,9,6,70,0.54,4.08,14071,1
583,13.020131876414746,77.66586623461377,8,9,92,8.54,3.84,19932,1
584,12.838243384515144,77.56922177606646,9,3,2,3.43,2.57,19442,0
585,13.148231572326251,77.4795963759702,6,5,34,9.09,4.56,11119,0
586,12.923699377769578,77.54699012890077,2,7,41,8.52,1.54,14659,0
587,12.81980776128976,77.68274872376804,9,2,44,7.02,0.08,7515,0
588,12.829972149124787,77.65981368967012,9,3,52,0.31,3.8,12591,1
589,12.830539268533395,77.77119046663934,7,7,95,6.95,3.84,11515,1
590,13.25386647874252,77.74674436546375,1,3,83,5.66,1.02,15110,1
591,13.169941958914551,77.72646030090655,1,1,55,2.6,4.09,5222,0
592,13.249031178606868,77.7645803501403,3,1,80,5.81,4.3,11775,0
593,13.136291155648262,77.51053486109483,4,7,52,8.51,3.3,18338,0
594,13.064469964515443,77.54780941605586,3,7,46,2.19,2.62,5958,0
595,12.95222318217369,77.55195756151441,2,3,94,3.46,3.16,18544,1
596,13.298981125664337,77.62418023548392,6,4,5,0.97,3.2,2677,0
597,12.981094529469695,77.6672872918171,7,3,57,7.81,4.25,6414,0
598,13.035324474606956,77.51468667321616,2,1,49,1.08,1.19,15594,0
599,12.98912258746173,77.40778498692373,9,7,21,9.13,4.59,1810,0
600,13.28976346466773,77.55968895346317,8,2,17,5.16,4.75,12315,0
